Trainer_SSN,Gender,Gmail,Password,First_Name,Last_Name,YoE,GYM_SSN
12345678901,Male,johndoe@gmail.com,password123,John,Doe,5,12345678901
23456789012,Female,janedoe@gmail.com,password456,Jane,Doe,3,23456789012
34567890123,Male,smith@example.com,password789,Michael,Smith,6,34567890123
45678901234,Female,jillsmith@example.com,passwordabc,Jill,Smith,2,45678901234
56789012345,Male,johndoe2@gmail.com,passworddef,John,Doe,4,56789012345
67890123456,Female,emilysmith@example.com,passwordghi,Emily,Smith,5,67890123456
78901234567,Male,adamjones@example.com,passwordjkl,Adam,Jones,3,78901234567
89012345678,Female,sarahjones@example.com,passwordmno,Sarah,Jones,2,89012345678
90123456789,Male,ryanbrown@example.com,passwordpqr,Ryan,Brown,4,90123456789
01234567890,Female,lisabrown@example.com,passwordstu,Lisa,Brown,3,01234567890
12345678901,Male,chriswilson@example.com,passwordvwx,Chris,Wilson,5,12345678901
23456789012,Female,lisawilson@example.com,passwordyz,Lisa,Wilson,2,23456789012
34567890123,Male,michaelsmith2@example.com,password123,Michael,Smith,3,34567890123
45678901234,Female,amandasmith@example.com,password456,Amanda,Smith,4,45678901234
56789012345,Male,markmiller@example.com,password789,Mark,Miller,5,56789012345
67890123456,Female,emilymiller@example.com,passwordabc,Emily,Miller,2,67890123456
78901234567,Male,adamjones2@example.com,passworddef,Adam,Jones,3,78901234567
89012345678,Female,sarahjones2@example.com,passwordghi,Sarah,Jones,4,89012345678
90123456789,Male,ryanbrown2@example.com,passwordjkl,Ryan,Brown,5,90123456789
01234567890,Female,lisabrown2@example.com,passwordmno,Lisa,Brown,3,01234567890
12345678901,Male,chriswilson2@example.com,passwordpqr,Chris,Wilson,2,12345678901
23456789012,Female,lisawilson2@example.com,passwordstu,Lisa,Wilson,5,23456789012
34567890123,Male,michaelsmith3@example.com,passwordvwx,Michael,Smith,4,34567890123
45678901234,Female,amandasmith2@example.com,passwordyz,Amanda,Smith,3,45678901234
56789012345,Male,markmiller2@example.com,password123,Mark,Miller,2,56789012345
67890123456,Female,emilymiller2@example.com,password456,Emily,Miller,4,67890123456
78901234567,Male,adamjones3@example.com,password789,Adam,Jones,5,78901234567
89012345678,Female,sarahjones3@example.com,passwordabc,Sarah,Jones,3,89012345678
90123456789,Male,ryanbrown3@example.com,passworddef,Ryan,Brown,2,90123456789
